Id,Predicted
0,HE IS DON'T VERY WELL FOR STOCK HOLDERS PERIOD
1,CHE COMPANY ALSO DONATED FIFTY THOUSAND DOLLARS TO A LOCAL ENVIRONMENTAL GROUP TO HIRE SPECIALISTS TO AVALUATE THE COMPANY'S PLANS TO CLEANUP CONTEMINATED SITES
2,THE GOLD CARD WICH INCRUDES A FEW ADDITIONAL SEVENTY FIVE DOLLARS A PERIOD
3,NO FER PLANT HAS BEEN DIVISED BUT IT IS UNDER CONSIDERATION TO RE HE WHOLE STRUCTURETTE PERIOD
4,THEY NOTED THAT CONCEOURAS MAY HAVE STEPPED UP THEIR PURCHASES LAST MINTH INORTER TO BE ABLE TO DEACT THE SALE'S TAX ON THE NINETEEN EIGHTY SIX TAX RETURNS PERIOD
5,WE CHAP THE DOUG MADIC ABOUT IT PERIOD DOUBLE-QUOTE
6,COORIING TO HIGH SLAST LOW RESEARCH COMMA THIRTY FIVE MILLION PEOPLE PURCHASED A FICING LICENS IN NINETEEN EIGHTY FOUR PERIOD
7,WITH THIRTY MILLION TELETHOUNDS COMMA WEST GET IIMINI RANCE BEAID ONLY THE U. S. AND DAPANESE SUN MARKETS
8,HE PRIVATELY AND SISTS REPEAL COMMA BUT SOMETHING HE AS USING IT OPPOSITION AS A BARGAINED CHIP PERIOD
9,HE WILL COMMA THE HILL THAN MANY MUNICIPAL REVENUE BONDS AS BEEN HOVERING AROUND EIGHT AND ONE EIGHTH PERCENT PERIOD
10,HIS CREDENTIAL  SURGESTED THAT THE SOVIETS MIGHT HARBOR MORE INTEREST INTO PROMACCY THEN REAL ESTATE
11,COULDN'T LESS OF THE ALCOME HAVE TO LET COMMA STUDENT SEEMS ALMOST CERTAIN TO NOMINATE IT'S OWN SLATE OF DIRECTORS SOMETIME NEXT WEEK
12,THE WORRIES ARE OF TWO KINDS PERIOD
13,LAST WEEK COMMA THE PAROVIAN GOVERNMENT ORDERED THATOLL SEVER PRODUCED BY STATE HYPHEN OONED MINES MUST BE SOLD TO THE SENTRAL BANK PERIOD
14,
15,THE VERY IDEA COMMA THEY ARGUED COMMA MAY BE TACKENED BY TAKEN BY EMPLOYEES AS A SLAATING THE FACE PERIOD
16,HILL LEAST TWO HUNDRED EIGHTY THOUSAND NOW FIX THINGS ON THEIR OWN PERIOD
17,IT MAY BE BE THAT ARE STRUCTURE AND MULTIPLACITY OF CORPORATIONS ISN'T THE MOST EFFECTIVE FOR THE FUTURE
18,SO E FINALLY THE WORRIED NEW YORK HER HAD AS BLOOD TESTED FOR EVIDENCE OF THE AID TO FIRUS PERIOD
19,CREATING AND NOOK THE EFREASON AS PARTLY A LOPE OF DECISIONS WERE GOVERNMENT AND A CERTAIN GRAPHIC AREA THE SIDE TO BAN NUCLEAR WEAPONS FROM THAT AREA PERIOD
20,GREINS AND SORY BEANS MOST CORN AND WHEAT FUTURES PRICES WERE STRONGER
21,IN NINETEEN EIGHTY FIVE HANDS OIL ONE NEARLY WE WOEVEN BILLION DOLLARS IN DAMAGES AT TRILL THE BIGGEST JUDGE ON EVER A WARDED APPLAINT
22,THE PILOT ARE AMERICAN AND TOO OTHERS A BOAR DIDE IN THIS PERIOD
23,THE BANK HOLDING COMPANIES LATED ANOTHER FIFTY MILLION DOLLAR SALE FOR NEXT USEDAY
24,IILL SELL EXGIVINANT ELLIOTOR DATE
25,HE ALSO SAYS THE A THORITIES MEAN WITH THEY SAY THAT THEY WILL NOT STAND ASIDE AND LITE CURRENCIES REACH NEW LOSE POSTED ELECTION
26,SHORT TERM RATES HE SAYS ARE LIKE LEADER REMAINS STEADY OR MOVED SOMEWHAT HIGHER
27,IN RECENT WEEKS COMMA FOR EXAMPLE COMMA READERS PERIOD
28,IN AUGUST COMMA A PACIFIC TELECES GREAP UNIT MADE A SEMILAR GUARANTEE TO THE COMMUNICATIONS WORKERS OF AMERICA COMMA PROVIDING TRAINING FOR NEIGHT POSITIONS IF NECESSARY PERIOD
29,PREDITOO PLAIMS MAKERS HAVE LOST SCROUND TO CONTINENTAL EUROPEANS WHO OF THE STABLISHED A RECOVITATION FOR DESIGN AND QUALITY STANDARDS PERIOD
30,FEIGHTING HUT SOON FELL LAN TO FIFTEEN ACTIVE TRADING PERIOD
31,GREKALLIN'S LEARNED DOUBT A NOIN'S QUARTING DIVISION WAS REDUCING IT STAFF AND WOULD NEED OUTSIDE HELP TIPRODUCE IN USE LETTER
32,IN SEPTEMBER THE COMPANY RECEIVED NINETY SIX POINT EIGHT MILLION DOLLARS AS A SHARE OF DAMAGES FROM ABREACH OF CONTRACT AWARD RELATED TO A COAL PARTNERSHIP
33,FOUGH WOULD BE AVE FREMAILL'S TARGECT ONE POINT SEVEN PERCENT PACE ESTIMATED FOR THIS QUARTER PERIOD
34,CHE COMPANY DECLINED TO COMMENT ON THE RESOLUTS PERIOD
35,CILLON CHIBBON PLAN FOR EARLIER THIS YEAR BUT THE SPACE AGENCY ABOUT FIVE TIMES BECAUSE OF DESIGNED ANOTHER DELAYS PERIOD
36,THE BIGGINING OF ANY SOLUTION IS THE RONALD DREAGAN TO LOCAN THE MERROR AND IT MET THAT THIS WAS IN A STATE PERIOD
37,CHE NATIONAL AVERAGE WAS FOUR POINT SIX THREE PERCENT AND DECEMBER NINETEEN EIGHTY SIX
38,THE CHOICE BY NOCK A SONIA CAME AFTER IN THE FORMER FINANCE MINISTER AND HIS TERIOD
39,FIND THEY BULLICAN THE APPROACH USED IN MEET AND POLTRY PLANTS THASH CONTINUOUS INSPECTION OF PRODUCTIONILINES PERIOD
40,HOWEVER THE OTHER OFFICIALS CAIRCH TO RISE IS NESSAGE AS LET US TRISIS OF THONEY BELONEY ACCOUNTING OR WE CAN CAUSE CHAOS
41,SEPARATE MONEY'S INVESTORS SERVICE INCORPORATED SAID IT PLACED C. S. X. AND ITS TRANSFORTATIONS SUBSIDIARIES ON REVVIEW FOR POSSIBLE DOUNGERATE BECAUSE OF C. S. R. S. X. X. L. S. X.'S EXECES RESTRUCTURING PLAN
42,HOTELSKIN USE THAT TECHNOLOGY TO PREDICT WHEN BUSINESS WILL BE UNUSUALLY SLOW DASH UNSUS WHEN MORE DISCOUNTING IS NEW PERIOD
43,ALL THOUGH MOST OF THOSE HAVE BEEN WEAK PERFORMERS DOUBLE-QUOTE
44,YESTERDAY'S LOSERS INCLUDE AUTO MOBILLS PERIOD
45,THE FEE ON THE GREAN ARE BASIC CARD WOULD SHOME TO FIFTY FIVE DOLLARS PERIOD
46,THE PROBLEM IS A PAN AMS UNIONS HAVE LOST COFFERENCE IN MR. ACCRE AND CONTINUE TO INSIST THAT THEY WALT MAKE CONCESSIONS IN LESS USE REPLASSED PERIOD
47,THE ACQUESES OUT NATURAL FOR HIVE AS EATING POOR COMMA HE TOLD AFRID PERIOD
48,THE MINUE TO PUT THIS PROPOSITION ON THE BALLOT CAME PARTLY FROM THE GRANT HYPHEN CHAMPION GIVER COMMA THEY CALIFORNIA MEDICAL ASSOCIATION PAC PERIOD
49,THE FIRM SAID IT DOESN'T COMMENT UNIT STOCK RECOMMENDATIONS OUR EARNINGS ESTIMATES
50,RE SPONSO TEN TO BE UNIT IT
51,CECCEPTED BIDS RANGED FROM SIX POINT THREE EIGHT FIVE PERCENT SIX POINT FOUR THREE SIX PERCENT
52,ONLY A FEW STATES RECLIER UNEMPLOYMENT COMPENSATION FOR LOCKED OUT WORKERS
53,THE SHUTTLE WOULD BE THE FIRST A LIFT OFF CENTS THE NINETEEN EIGHTY SIX CHILENGER EXPLOSION PERIOD
54,WHICH IN EIGHT COMPUTER HYPHEN TRIP IN THE LAIVES TURNED TO A PRECISION PART COMMA MR. AIMPER CONCEDES THE ROSE PERIOD
55,FIFTER THE MARTIC CLOIDS COMMA THE NET A SOUTH A LEGISLATISLATURIVE PASSED AT ANSI HYPHEN TAKEOVER BILL AND DOUBT FORTING BART GROUPS INTEREST IN BASED RETAILER PERIOD
56,ALL OUGE A PARAN'S POLICIES WON'T CHANGE RADICALLY UNDER TALK ASSUIDA SIXTY THREE HIS LACK OF FOREIGN POLICY EXPERIENCE COULD WORSENS REPAIDS INTERNATIONAL RELATIONS
57,EU. S. ATTORNEY GOULLY OUTI COMMA TRYING TO OUTSETIINSTOR LEADERS COMMA WILL REVIEW THE BORD PICKED THE NEW PRESIDENT PERIOD
58,AS WITH THE REST OF THE RECHINE HOWEVER THEIR IIDEOLOGY BECAME CONTEMINATED BY THE TERM OF CORREPT CHUNTINE
59,TRADERS AND SYS THAT IN EXPECTED INTERECTION OF LIQUIDITY FROM INVESTMENT TRUSTS AND OTHER INSTITUTIONS WILL HELP BLUS SHARE PRICES LATER IN THE WEEK
60,WE DIST GET TO GOOD SIGN AND THAT MACKET WILL RESPOND
61,THE RULING MIGHT ENCOURAGED FURTHER INDUSTRY CONSOLIDATION COMMA A STALEY HOLDER SAYS PERIOD
62,COLON HOURLY OPERATOR WAS PROMOTED TO FORMENT BUT MAINTAINED ON THE AREALLY PAYROLL
63,EILED MANAGEMENT IS THAT ALL BAD FOR COULD SUMERS PERIOD
64,INSTEAD IT FOUID TO EFFESSION DESIGNED FIRM MCGAILL C CRUICE INTERNATIONAL WE'S OPERATING IF THE LOCATION REGISTERED AS THAT OF MR. POLLO'S INVESTMENT PERIOD
65,COMINTIME MORE DEPARTURES LOOM ANY FEARS THAT THE OPPORTUNITIES FOR THE PERIOD
66,FIVE TILLION YEARS FOR NOW THE CENTLESS LOWING THE EARTH AND HE HUGE FUYER BALL PERIOD
67,ENGER LICRUDE OFFICIALS CONVINE THEIR HIGH COURT TO JOUGE MR. AIMMER OFFLY SUBDERT PERIOD
68,THE RECALL EXPANDS ON WISDERALL OF OUTHER HONOLS BEBEGUN EARLIER THIS WOULD
69,IN NINETEEN EIGHTY DREA COMMA MEXICO HAD TOTALD A PECKS THAT FUTURE OIL PURCHASES WE HAVE TO THE BACKED BY LETTERS OF CREATION
70,NOT THAT THAX MACHINES ARE NEW PERIOD
71,HE ALSO SAYS THE AUTHORITIES WEEN WHAT THEY SAY THAT THEY WILL NOT STAND DECIDED LET CURRENCIES REATS NEW LOWS PAUSED ELECTION
72,
73,EIT THE BUNDESS POST IS BEENDING OVER BACQUER TO COMPLI WITH U. S. DEMONDS FOR MORE ACCESS PERIOD
74,DOUBLE-QUOTE WE JUST GET IT SCIENT COMMA AND THAT MARKET WILL RESPOND PERIOD DOUBLE-QUOTE
75,BIG BOTH COMPANIES DEBATIFIT FROM UPTURN OF TURNAINITY OIL AND NATURAL GAS BUSINESS PERIOD
76,BUT HACKERS CRITIBILITY HAS HE WROTED TO THE POINT THAT IF I DAY PAMAND DIRECTORS LEPGATE RITIVACCOR THEY WELLT GET THOSE CONCESSIONS
77,THE ORGANIZATION WERE LEVE UNCH EXISTING COMMON SHARE TO BE CONVERTIDURING A THIRTY HIGHEST DATE PERIOD INTO TWO POINT SEVEN SIVE CLASS AS SHARES PERIOD
78,EUNDER THE BUY OUT PLAN COMMA CENTURE INTENSE TO BEGINN A CASH TENDER OFFER FOR ALL OF ALLIEGHNIE'S SHARES OUTSTANDING BY FRIDAY PERIOD
79,BUT SCOARS OF SMALLER STOCE COMMA AND SEVERAL OF THE BIGGER NATIONAL MARKET SYSTEM ISSUES MANUTE GAINS AS WELL COMMA BECAUSE OF A KIND WORD FROM AN ANALYST PERIOD
80,CILLOO TECH INCORPORATED'S SUPPORTERS COULDN'T CONSAIN THEMSELVES PERIOD
81,EXPORT PRICES ROSE ONE PERCENT IN THE LATEST QUARTER IN EDGE UP ONLY'S EUROPE POINT TWO PERCENT IN THE WASTE YEAR PERIOD
82,THE PILIPPINE MILITARIES THAT IT HADN'T COVER TO PLOT BY COMMUNIST GREALIS TO KILL RETIRED U. S. MAJOR GENERAL SINGLAB
83,CHE DOUBLE-QUOTE HEAD COUNT COMMA DOUBLE-QUOTE A BODIOUS MEASURING DEVISIVE EVER THEIR WAS WON'T COMMA REMAINED THE SAME SEMICOLON PERIOD
84,THE FIRM SAID IT DOESN'T COMMENT OUT IT STOCK RECOMMANATIONS ORE EARTINGS ESTIMATES PERIOD
85,FILED HEN INCREASING THE COST TO REASOR JANIMAL SHOULD ACTUALLY REDUCED THE BILL A RESEARCH
86,BY THEN COMMA ALLEGHINI SAID COMMA IT WILL HAVE RECEIVED A WABOR FROM A SLINDING BANKS OF CERTAIN CONDITIONS AND ITS LOANE AGREEMENT PERIOD
87,FIFTY SOVIETS DECIDED TANGED THE NATURE OF THE MISSION THE NOW HAVE THE RIGHT GUY HER SAYS THE ISRAELI OFFICIAL
88,THE GAEES AND COURTERS WERE DESIGNED FOR A SMALLER AIRCRAFT PERIOD
89,DREVOUGH LAST MONTH THE GREET AND PRENSIPLE TO SELL ITS AMENT WATERTRANSPORTATION DOUBLE-QUOTE
90,WE WIN HYPHEN LEADERS ARE SOME MARILLY FIRE PERIOD
91,H. G. EDWARTS AS IT OFTEN HAS DURING THE PAST YEAR THE SAID LOWS FROM SHOWED UP ITS NINE NEW YORK COMPETITORS IN THE LATEST ASIA
92,ELUNG SOLD STOCKS OF TRUCKS ARE A BOUT A FIRD HIGHER THAN NORMAL COMMA SAID A SPOKESMAN FOR THE COMPANY PERIOD
93,GENERALLY OFFICIALS WEREN'T ME INTO PERIOD
94,CHE COST OF ANIMALS USED IN RESEARCH REPRESENTALLY ONE PERCENT TO TWO PERCENT OF TOTAL COST
95,ELLIPRESS SECRETARY TO THE MINISTER OF COMMUNICATIONS AN INFORMATION HAS RESPONED TO DINNMEROUS CRITICISMS
96,DOUBLE-QUOTE WE HAVE TO BE CONCERNED ABOUT COUNTED IN CHIALIEDY COMMA DOUBLE-QUOTE MR. BROWN SAID PERIOD
97,END DEPARTMENT OF HEALTH AND DEAROOM SERVICES OFFICIALS OF SPOKEN AGAINST SMANDATORY TESTING COMMA BUT QUIATE TO JAMES BROWN COMMA A SPOKESMAN FOR THE PUBLIC HEALTH SERVICE PERIOD
98,THE SOCIATED EIGHTHS KNOWN IS AIRCO WAS IS A GENERAL PARTNERS AND HAS A ONE PERCENT GENERAL PARNER INTEREST IN THE PARTNERSHIP
99,NOW WILL SEE BE AS TRYING TO MAKE AMENDS
100,CHING A COMPUTER HYPHEN DRIVE IN LAID TO A PERCESSION PART COMMA MR. AIMA CONCEDES THE RISK PERIOD
101,IN MAY COMMA A FEDERAL COURT DISMISSED AN ANYTREASTER HYPHEN DANIELS STEPING FROM ITS NINETEEN EIGHTY TWO AGREEMENT TO LEAS ADDITIONAL CORE HYPHEN MILLING PLANTS PERIOD
102,HAS SUCH COMMA IT IS OF MOST INTEREST TO SCOLLERS COMMA COLLECTORS AND PRECTATIONERS OF THE FIBER ARTS COMMA YET ITS TEXAS LARGELY ACCESSIBLE TO DE YOUNG HYPHEN SPECIALIST PERIOD
103,BUT THE PROTEST S REPATLY BROUGHT UP WITH THE MEEDIA HEAD IT HOW MONTH
104,THIS MEANS THAT FOR MR. DED EYE TO INCREASE HISTEAK BY FIFTEEN PERCENT MEMBERS OF MR. LICEN'S GRIPK WOULD HAVE TO SELL DEMONY
105,BRITHISH COMPUTER BRANDS LIKE SINCLARE AND A CORN HAVE BLUMMED BUT QUICKLY FATED PERIOD
106,SOME INDUSTORS ARE PERION FOR A SHORT TURNED CORRECTION THIS MONTH ALL THE MOST BELIEVE THAT IT WON'T BE SIGNIFICANT
107,FOUBLE ONE POINT FIVE DILLION DOLLARS OF DEBT IS UNDER REVIEW PERIOD
108,NIC DERE IT AND DELL HARM IN DIFFERENT SIGNRENCE FOR THE OIL SERVICES BOES METHING PERIOD
109,BUT THERE ALSO RIFS PERIOD
110,WITH ALL OF THE FYARINGS ON WALL STREET COMMA PERIOD
111,
112,DELORMING TREND MAY HAD MELFOOD THIS NO COVER ON SOME CROPS
113,DOUBLE-QUOTE THEY HAVE IT SAID THE INTENDED TO RAISER STAKE ANY FURTHER COMMA DOUBLE-QUOTE HE SAID PERIOD
114,DOUBLE-QUOTE I TOLEVHEM IS THE EDDIVIDIOLOGY COMMA DOUBLE-QUOTE SAYS MR. AMBERAL COMMA A PARTY FEDERATE PERIOD
115,HIS M. B. ALSO EIGHT SOME COLLIES WHO ARE COULD TENSURIS OF FOREIGN CONCEPTS IS SPECIALLY THOSE THAT MAKES IN WORK HARDER
116,THE LEAST TWO HUNDRED EIGHTY THOUSAND NOW FLICS THING THOUGHT THEIR OWN PERIOD
117,CLORITIA HAS ANLY FIFTY SEVEN GAIDS BUT THAT PEAK HOURS DOESN'T OF MORE PLANES MAY BE ON THE GROUND
118,HE PEX'S SEAKERS HE ADGRESSIVE THIS CAME BACK TO HONTED AFTER IT PURCHASED AARCH PERIOD
119,HOWEVER IN LIGHT OF THE STAKE'S ALREADY HILLED BY THE VARIOUS FACTIONS ONLY ABOUT TEN PERCENT OF GENERALL ON THE MARKET
120,AND SOME CHAINS SUCH AS HOLIDA CORPORATION SHARES INCORPORATION AND HIGHER HOTELLS GORPORATION AND SESSED THEY WILL MAKE TLEANING RAIDS
121,COULD ONLY DID THE CONTRACTS IN DEIN THE FIVE THE WEAPONS MANUTIFACTURERS COMMA THEY ALSO CONTEND IN SETTIME CLAUSES DEAT REWARDED PRODUCTION WITHOUT REGURED TO THE ENVIRONMENT COMMA SAFETY AND HEALTH PERIOD
122,THE SIXTY HYPHEN DEE TO SIXTY FIVE HYPHEN DAY SUPPLY IS CONSIDERED COMPERABLE PERIOD
123,FAVO YOUTES OF COLON A PORTFOLIO STRATEGIST AT DREX LIBERANT LAMBERT SAYS THE LAST INABLI INTOREACTION WAS ENTIRELY IN KEYPING WITH THE NEW MOOD UNLAUSTRY PERIOD WITH THE NEW MOOD UNLALL STREET
124,I SAP DOWN IN SIGRED OUT WHAT THEY MEETED AND SOLD A MONET TO TO PERIOD
125,ELEP THE BUNDESS POST IS BENDING OVER BAQUIRED TO COMPLY WITH U. S. DEMANDS FOR MORE ACCESS PERIOD
126,SO AN HOURLY OPERATOR WAS PROMOTER DEFORMENT THAT MAINTAINED ON THE HOURLY PAYROLL PERIOD
127,CIPION SHEEP IT DRUG INDUSTRY TRADELATOR REPORTED THIS WEEK THAT MERCHAT TWENTY EIGHT THOUSAND APPLICATIONS FOR THE OPEN PERIOD
128,EUNDER TERMS PREVIOUSLY REPORTED DE ITALION AGRICULTURAL CONCERN ASSUMED ABOUT ONE HUNDRED NINETY FIVE MILLION DOLLARS IN SUBORDINATED DEBT AS PART OF THE TRADER
129,HE ARGUES THAT FRIGHT EIGHTHS UNEMPLOYMENT FIGURES UNDERMINED THE THESE SAYS OF A SHARPLY SLINE ACCONOMY PERIOD
130,FON ELL SERVICE AS WELL IS ONE TO THERE DRALED COMMA LOWMIC DERMIT BUILD OFF SHORD DRILLING RANCS PERIOD
131,JOB RECREARS ARE SECREATLY TRANT ALURA WAY CONSULTANCE PERIOD
132,HE WE WERE STRAIPTE OF HIS PARTY TITLES AND STOCK DOUBLE-QUOTE MEMBERSHIP CARD BEFORE THE WAITING TELEVISION CABLERS PERIOD
133,NOW COMMA WHAT EVER THEIR DRAW BACKS AND REAL LIFE COMMA WIM TO INFICTION HER NOT NECESSARILY BAD THINGS PERIOD
134,HE EXPANDED RECALL WAS DISCLOSED OUT AMEEDING WITH AN OPY OFFICIALS AT AN AGENCY OFFERS OUTSIDE CHICARGO
135,TOO STEEP BEFALL CAN ME HIGHER INFLATION AND EVENTURAL HIGHER INTEREST RATES
136,MR. ROBERTSON CONVEST BE UNDERSTEAD NOT AS A NEW FIGURE AND THE CONSERVATIVE MOVEMENT BUT AS THE AIR OF THE POPULISTS IN FATHER COFFLIN
137,BUT HE SAID IN AN INTERVIEW LAST WEEK TO ECOULD RAISED FIVE HUNDRED MILLION DOLLARS PRETING PERIOD
138,BUT LOOU LITTLE FURTHER DASH THERE ARE WAYS AROUND HIRING FREACES PERIOD
139,DOUBLE-QUOTE OUR ITS OUR EXAM IN THE FACTS AROUNDING MISMATTER AND NOTHING THAT IS FACTUALLY CORRECTED A STORY IS NEW TOWARD COUNSEL PERIOD
140,FOUR YEARS OLD MR. WEIGN AS RELATIVELY YOUNG FOR IS JOB AND HAD UPSETS COLIES WHO ARE USED TO OVERAGELIC PROMOTION SYSTEM BASED ON SENIOR YEAR
141,PEOURE UF BARRY SUGCES MR. CANIER AND LASHINGTON AFTHE VICE PRESIDENT
142,ELLIOUSLY NOW SAYS HE SOUTH THE ACCOUNTING CHANGES BECAUSE WITHOUT THEM IT WAS CLEAR TO SINGER LATER WHO HAD HE TEXAPARE MONEY
143,COULD RE ORTEDIATION WOULD ALLOWED EACH ISSUSTING COMMENT SEAR TO BE CONVERTED DURING A THIRTY HYPHEN DAY PERIOD INTO TWO POINT SEVEN FIVE CLASS CASE SHARES PERIOD
144,ECONOMIC AGNI COMMA MORE THAN REFLARM COMMA HAS PROUDED POLAND TO LET THE REPAIR MAMBLES PERIOD
145,CILL IS A POLITION COMMA AT OFTEN DISCUPORTING EXPERIENCED PERIOD
146,E. C. BY THE PAPERS AT PEOPLE ARE WORRIED ABOUT THE COMING BUDGET SURPLUS
147,BIG'S TOTALING SIX HUNDRED FIFTY ONE MILLION DOLLARS WERE SUBMITTED
148,PIT TEMPT TO BRING ORDER TO DEMORRIOUT FIVE OR TECHNICS CURRENTLY DESCRIBED BY A WELTER OF CONFLICTING TERMINALOGY PERIOD
149,WHILE I GOOLLIGING THAT POTENTIAL COMMA SOME WEST GERMAN TO ALMAKERS CHAIFTH UNDER WESTERN INTERSTRICTIONS PERIOD
150,THE EXPANDED RECALL WAS DISCLOSED AT A MEETING WITH AN . R. C. OFFICIALS AND AN AGENCY OFF IS OUTSIDE CHICAGO
151,THE REPUBLES OF A CUIES TO SINGLE UP A FORMING ANTIC COMMUNIST FIVE DELAUNTIC GRIPS
152,ELEVE UNIT EIGHTY SIX HE IS CONSIDERED THE COUNTRIES MOST DIANMIC POLITICAL FIGURE
153,MARKET ACTION WAS ESSENTIALLY DOD JUSTING WINCE THESE RALLY PERIOD
154,GREEKTATION PUBLICHING PUBLICHING WERE AREAS DOOLNED WOULD FURTHER EXPORT WITH THE MEUPPITS PERIOD
155,FOR EXAMPLE IT LY EXTRACTS THAT SELL IT LOT MULTIBLE OF THE COMPANIES BOOKS VALUTIVE OR ASSETS MIND A SLYIBILITIES PERSURE
156,MR. HOUN'S A COURT TO HE PLANS TO REVIEW THE STRECTURE OF BELGROUP
157,THE RECALL EXPANDS ON A WITHDRAWAL HAVE BOTHER MODELS BEGON EARLIER THIS WEEK PERIOD
158,HE OTHER IS THAT WE SHOULD HAVE THE SURPLUS BUT THE SURPLUS BUT THE PERIOD
159,THE TWO COMPANY PERIOD TO SETTLE THE CAPE FOR THREE BILLION DOLLARS IN LIGHT DECEMBER
160,WHILE NOT RULING OUT THAT THE U. S. CURRENCY COULD DECLINE OVER TIME MR. LIBESKY OF SALOMON SAYS HE THINKS THE JAURIA STILL OUT
161,HE MADE A SALE HE SHOULDN'T CALL HE SAID
162,THUS IN ORDER TO RESEAR ITS RIGHT TO LOUNCH A PROXY FIGHT CONOMINATE ITS LATE BY FRIDAY HIN FEBRUARY NINETEENTH
163,HE HAD BEEN SENIOR VICE PRESIDENT OF WASHINGTON OPERATIONS WHET THE DEFENSE CONTRACT TOO
164,HOWEVER INCREASING THE COST OF RESEARCH JANIMALS SHOULD MOTIVE A RESEARCHERS NOT TO WASTE THEM ON MERELY CURIOUS OR REPEDITOR STUDIES
165,E. B. M. PELLON AND SEVEN EIGHTHS TO ONE HUNDRED TWENTY AT THREE EIGHTHS ON MORE THAN TWO POINT FIVE MILLION SHARE AND DOLLARS
166,BUT SCORES OF SMALLER STOCKS ROALS AND SEVERAL OF THE BIGGER NATIONAL MARKET SYSTEM ISSUES MANAGED GAINS IS WELL BECAUSE OVERY KIND WORD FROM AN ANALYST
167,CIT IS CHARS  WE'RE GETTING THE BEST DEAL FOR SHAREHOLDERS COMMA EIGHT GET TOP DOLLAR WITHOUT ANOTHER BIDDER PERIOD
168,HIRUS PERIOD
169,HUNDER A SAID A DEESTEE THREE TRANSPORT SHOT DOUBLE MENDAY BY HUNDURE IN FIGHTERS APPARENTLY WAS CARRING DRIVES FROM COLMBIANS
170,HOWEVER A SUGGESTED LATER IN THE ARTICLE THE EMPLOYER MAY RESPOND WITH A LAWKET AND DISCONTINUANCE OF PAY PERIOD
171,EUNOT I ALL I HAPPY WITH THAT I WITH THAT I WITH THAT IT
172,THE NEW DEAL BROUT SISCIAL SECURITY COMMA AND THE NEW FRENT TE AIR BROADMATICARE PERIOD
173,HE INOTHER U. S. INDUSTRY LEADERS IN SIST COMMA THOUGH COMMA THAT IMPORT SHOULD BE SUBJECT TO THE SAME DEGREE OF SCRUTINY PERIOD
174,EITHOUDITION UNCLEAR FREE ZOLUNT AND CLUDIRANGEMENTS THAT REQUIRED AGREE WEAPONS THE DEPLORED A JACENCE OF ITS OWN OF LAND OR AND C. PEOPLE BACK
175,THE BUY OUT PLAN IS CONTENTION ON ALLEGHINI A RECEIVING THAT WEIVER PERIOD
176,NOBODY KNOWS HOW THE SOUTH AFRICAN GOVERNMENT LI REACT
177,SO INCREASING THE COST OF AINNIMALS WOULD NOT EFFECT THE BILL FRANALLY RESEARCH SIGNIFICANTLY PERIOD
178,THEY FLUARIND OF A BOUPE DISTRIBUTED IN ANOTHER BURLICAL J. SEA'S STREAM SCHERICT ABOUT LITTLE BULY WHO CHALLENG TO SEXES AND BIDDRESSING AS A GROWAL
179,HIS THESE SEVENTY NINE PERCENT WORTE'S ONLY ONE DOUSAND AWARVES ON EVERY TREPT COMMA THEY WOULD HE IS ALMOST TEN BILLION WERMS EVERY YEAR PERIOD
180,IT IN BIG IT RESIDENTS TO JOINT COMMITTEE TO AIR THEIR DRIPES AGAINST THE COMPANY AND DISCOSSE SOLUTIONS
181,IT INVIDENCE TO JOINT OF COMMITTEE TO AIR THEIR DRIPES AGAINST THE COMPANY AND DISCUSS SOLUTIONS
182,HIN ANY C. THERE ARE PROBLEMS WITH THIS NEW TRANSITION DECES
183,RIGHT NOW HOW HOWEVER THE ECONOMY APPEARS STILL TO BE GROWING
184,PENNZOIL HAS BEEN FREADING OVERDED TO TAILS OF MOVING THE MONY EVER SAID PERIOD
185,PERIOD HAD A REMATTIC SECT ON THE GAME PERIOD DOUBLE-QUOTE
186,THE BANK HOLDING COMPANIES LATED ANOTHER FIFTY BILLION DOLLARS SALE FOR NEXT TUESDAY
187,N. A. S. A. IS SCHEDULED OF THE LONGE OF THIS BASE SHATTLE DISCOVERY FOR SEPTEMBER TO ANY NINE
188,CHE LIBERAL POLITICAL DEPATE ON WHETHER TO FUND THE CONTROF PERIOD
189,E. W. S. WORSHIPS IN HELICOPTERS CHASE TO WAY ANTORINIAN WARSHIP FROM A CONVIDE OF FORECUATE THINKER IN THE PRESIAN GLOVE
190,GILOGALOUS SAID THAT IN ORDER TO MARKET THESE ANOTHER DRADS MERCO PLANS TO INCREASE ITS SALES FOR SPI FIVE HUNDRED THIS YEAR
191,GILLARY HAD BEEN PRESIDENT OF HARTMAN SYSTEMS A UNIT OF FIGUY INTERNATIONAL INCORPORATE PERIOD
192,RELIKE TO SEE SOMETHING THAT LEADS TO REAL DEMOCRACY SAYS JANIED BONE HE FICE SECRETARY GENERAL OF THE INDEPENDENT LIBERAL PARTY PERIOD
193,BUSINESSES WE'RE ALSO WARY OF FACTS PROJECTS AFTER A HIGHLY TOUTED FEDERAL EXPRESS VENTURE TO PROVIDE FACT SERVICE FLOUNDERED AND WAS JEDISON IN NINETEEN EIGHTY SEVEN PERIOD
194,HUS OF RAISER AGREED WEDNS TO EIGHT TO BY MR. HOUN'S ACCOURTS ONE HUNDRED TWENTY SEVEN POINT NINE THREE BILLION SEARS SHARES COMMA ACCORDING DISSEERS PERIOD
195,COORN FOR DECEMBER DELIGHT RATE CLOSED AT TWO DOLLARS AND EIGHTY FOUR CENTS A BUSICIAL PERIOD
196,IT IS A PUNITION COMMA AN OFTEN DISAPPOINTING EXPERIENCE PERIOD
197,GIDENVITED RESIDENTS TO JOINT ACCOMMITTEE TO AIR THEIR GRIVES AGAINST THE COMPANY IN DISCUSSED SOLUTIONS
198,THE LONG  HAD BEEN PLANT FOR EARLIER THIS YEAR BOTH WEST GROUPS BY THE SPACE AGENCY ABOUT FIVE TIMES BECAUSE IT DESIGHT AND OTHER DELAYS
199,FIFTY SEVEN IN TO NINE PERCEMBER TO USE ONLY ONE DOESN'T WORMS AND EVERY TRIP COMMA THEY WOULD USE OF MUST TENDILLE IN WORMS EVERY YEAR PERIOD
200,THAT'S MORE OR LESS WHAT THE PLUTE SHIPPIC CONOMISTS EXPECT PERIOD
201,HONG THE WAS DOWN TEN TO ONE THOUSAND COMMA NINE HUNDRED THIRTY PERIOD
202,CHRISTIONS SCHWAYS HYPHEN CHILLING COMMA THE POSSILE MINISTER COMMA BUSINISTER COMMA BUSINESSES THAT SUCH CRITICISM LED TO THE DECISION TO DISMANTLED THE MINOPOBALLY PERIOD
203,WHY BUY QUESTION-MARK CONSINGLE-QUOTE DOUBLE-QUOTE HE SAID PERIOD
204,LINDER AND TALFT BROOK DOWN WHEN THEY COULDN'T AGREE ON HOW MUCH MANAGEMENT CONTROL EACH WOULD HALB WITH THE COMPANY COMMA THE SOURCES SAID PERIOD
205,WITH THIRTY MILLION TELEPHONES COMMA WEST GERMAN A RINK'S BEHIND ONLY THE U. S. AND JAPANESE FOND MARKETS PERIOD
206,HE COULD PRESS MR. ROLEAN TO SELL HIM PAR OF LONG ROSE PORTFOLIO PERIOD
207,CLICH A SOUND HE SELECTED NO BORROW TALKIS SHUDA TO SUCCEED HIM AS JAPAN'S PREMIER
208,HE SAID HE WOULD REOPEN ASSETLE ASSEMILY DEBATE UNCONSTITUTIONAL REVISION COMMA WHICH AN APRIL HE HAD SUSPENDED INTO AFTER THE NINETEEN EIGHTY EIGHT THE LIMITICS PERIOD
209,THERE IS NO DOUBT WEAP TO MINISH TO SOVIET THREAT FARRY SUBSTANTIALLY IN THE LAST YEAR SAYS MEN ASSOTE ARIPRESENTATIVE THEN WEBBER
210,SHAMROC  HAS INTERESTS IN TELEVISION AND RADIO STATIONS ENTERGY SERVICES REAL ESTATE IN VENTURE CAPITAL PERIOD
211,GROUPS OF CONSULTANS FROM SEVERAL MAJOR FIRMS ARE MEETING SECRETTLY TO PLUP THE FECTIONS PERIOD
212,
213,HAS SIGNS OF US STRONMER ECONOMY A MERGE HE ADDS LONG TO HIM RATES ARE LIKELY TODRIFF HIRE PERIOD
214,NOT EVERYONE BUYS THE DEATH THE DOLLAR THIS IS PERIOD
215,THE FEDERAL EXPRESSED SERVICE COMMA WHICH ALLOWED BUSINESSES AND INDIVIDUALS TO SEND FACTS FROM THE COMPANIES STORES COMMA ANALYSTS SAY PERIOD
216,TO LEVY EIGHT HAS CONDICIDENT COMMA MR. PATISH SAID STOPPED STAVING PERIOD
217,BRITISH COMPUTER BRAND LIKE SOME CLARE IN A COURT HAVE BLOOM BUT CURCUSE PERIOD
218,GEORN'T E. CANAREA THE SECOND WAS DAMED TO THE NEW POST OF SENIOR VICE PRESIDENT ENTARGE OF LONG RAINED PLANNING INTERLATED GOVERNMENT RELATIONS
219,CHE RATING CONCERN ALL SILL PLACE THE SINGLE A TWO SENIOR DEBT RATING OF C. S. X.'S TEXAS GAS TRANSMISSION UNIT ON REVIEW WITH DIRECTION ON SEARTENT
220,BUT IT'S DIFFICULT TO SEE WERE THE COMPANY GOES FROM HEARE
221,EARLY LAST WEEK COMMA MR. CHINE DAD OFFER CONSESSIONS PERIOD
222,ECONOMIC AGAI COMMA MOY THAT HE REFARM COMMENT HAS PROADED POLONES PERIOD
223,SINCE EACH DEGINE AS THE BLUIE PRINT FOR A PROPETINE COMMA THE DEFFECT IS NOWN TO INVOLVE APPROATING THAT EFFECTS MESSILES PERIOD
224,THE RATING CONCERN ALSO PLACE THE SINGLE HYPHEN A. E. HYPHEN TO SENIOR DEBT RAIDING OF C. S. X.'S TEXAS GAS TEXAS GAS TEXAS GAS TEXAS GAS TRANSMISSION UNIT ON REVVIEW COMMA WISS DIRECTION UNSERDAY PERIOD
225,BUT SUCH ADENSS ARE MILED TREMMERS COMPAREDS WERE COMINING OURTHQUATE FOR THE TWO PROFESSIONS COMMA SOME ACCOUNTENCE AND COMMA SOME ACCOUNTENCE AND COMSULTANTS PREDICT PERIOD
226,PLOST OBSEVERS NOW SAY MR. NEVALLLY PAID TOO MUCH FOR THE COMPANY COMMA WHICH HAD NO OIL RESERVES OF ITS OWN PERIOD
227,FIRST MUST NAME TOTAIN A LEVEL OF NET WORPHED THAT AS WE LEAST THREE PERCENT OF THEIR LIABILITIES PERIOD
228,SOME IT'S HAVE THEIR POLITICAL BENEFITS OF COURSE NOT LEAST THAT THE PRESIDENT DAMINAKS THAN USES
229,CILLINEROUS CAN'T TELL WHETHER THE UDIVERSE WOLL EXPAND TO REVER POWERED BY THE BIG BANG OF OLD OR REHARD WILL SOMED A COLLAPS INTO ON A PARTLE EDICABE CRUNCH
230,ELONG THE MADE ASSETS COMMA TENNECO'S ENTER NEW ISSERVES COULD WORS AT OUTFIVE BILLION DOLLARS COMMA MR. GAINS THINKS
231,DOUBLE-QUOTE WOULDN'T LOOK IT WHAT'S AVAILABLE IN THIS STORES AND SAID COLON SINGLE-QUOTE HAY COMMA THIS STORE LOOKS EXACTLY LIKE MICLIVED IT PERIOD
232,BUT LOOUT LIUTTLE FURTHER THEY'RE ARE WAYS AROUND HIGHER INFREASES
233,ENOTHER SPOKESMAN FOR THE MINISTRY HAS REPLIED TO THE FOUR COUR SPON ITS ASSOCIATION OF SOUTHESE VASIA
234,INSTEAD THEY FAVOR UNTIN NOUNCED CHECKS BY ROLLING RATHER THAN IN HOUSE AND SPECTORS FOCUSING ON CRITICAL CONTROL POINTS IN C. F. WOULD PROSCHING
235,E. U. B. S. SUBSIDIA AREA AND NEW YORK WAS THE FIRST FIRM INSTITUTION COMMANING TROUGH U. S. DOMESTIC CORPORATE BOND ISSUE PERIOD
236,THEY CAN ALSO INVOLVE INTERNATIONAL COOPERATION PERIOD
237,THE STATE GOVERNMENTS INSURANCE LEIM IN THE STATE HYPHEN OWNED BANK ALSO HAVE INVESTMENT AND ROUTHWELLS EXCEEDING ONE HUNDRED MILLION AUSTRALIAN DOLLARS PERIOD
238,CILLINESS POSTS MONOPOLY HAS BECOME A LIGHTING ROD FOR CRITICISM BY THE U. S. AND OTHER TRADING PARTNERS OF GERMANEE'S CLOSE DOALERS
239,HE HOUL DEPERMENT AT SECRETARY OF THE MINISTRY OF COMMUNICATIONS AND INFORMATION HAS REMUP THE AMERICAN BUSIS COUNTS PERIOD
240,FIRVON SELLT'S MAJOR DEATS AND BURNY REPORTEDLY DOING THE CROWD OF WALL STRITE HOUSES CUTTING THEIR NINETEEN EIGHTY SEVEN I. B. M. EARNINGS ESTIMATE PERIOD
241,IT WASN'T TO GIVE A WAY
242,THE NEXT SPRING COMMA CHARTER COMPANY COMMA ANOTHER BIG INDEPENDENT COMMA ENTERCHAPTER ELEVEN PERIOD
243,IT DONATED TWENTY FIVE THOUSAND DOLLARS TO GET IT OFF THE GROUND PERIOD
244,DRESS HE IS A FUMMER ENGLISH TEATER IS THE DEBPOIT DELIVERING STRAIGHT TALK WITH DIPLOMATICS MILES THAT SOFT IN THE HARSHNESS OF HIS WORDS
245,THE COMPANY DECLINES TO SPEAS FIVE THE PRICE PAID PERIOD
246,THE SPOKESMAN FOR THE NUCLEAR RAID LITTORY COMMISSION SAID THREE HOUND DECIDED TO RE CALL ADDITIONAL MODELS OVER DISCOVERED AT FOUR PHASILATIES USING THOSE MODTALS
247,EVILIA VILLIANCE OUT THE LOUR OF THE NEW YORK STOCK EXCHANGE WAS TEMPERATED BY FEW CLAIMPT THE PERIOD
248,PROPED I NEWS REPORTS OF ALLEGE MISS PROPROPRIATION OF FUNDS THE S. E. C. VISITED THE FIRM'S NEW YORK HEADQUARTER'S LAST WEEK WOULD THE INTENSION OF EXAMINING BUSINESS REFERT
249,THIS IS ESPECIULLY TRUE IN THE WORK OF BRITISH NOT LISTS COMMA AND EVEN COMMA PREVIOUSLATE COMMA AND THE WORK OF WILLIAM BOYED PERIOD
250,WE WE IT A RATE ARE INTEREST IN HAVING THE TRUES IN MERGE PERIOD
251,GLILOG'S ACCORD TO SAID HE PLANS TO RIVIEW THE STRECTURE OF BALL GROUP
252,NOW COMMA THE SOURCE  SAY COMMA MR. LINNERIOUS CONCIDERING MAKING HIS OWN BID ORDRONING WITH THE NOTHER SHAREHOLDERS OR GROUP OF SHAREHOLDERS ON A BID PERIOD
253,ALLITTLE GOOD NEWS COULD SOUTH OF THE MARKET'S RESISTENTS PERIOD
254,THIS ISN'T THE TIME TO TIME TO TIME SAYS MR. APPLE BOMM WHO ADS THAT IS HOME VONE IS BUAD
255,BUT TO THIS PRICE OF A MUST EVERYONE STOCK PRICES BEGAN A STUDING CLIMB THAT PUSHED THE AVERAGE ABOVE WINDS DAYS CLOSE
256,BUT COMMA HE ARGUES COMMA DOUBLE-QUOTE THE DEA PERIOD
257,CHE ROUGHT WELL SAW IT INTENSIFIED CRITICISM OVER THE WEST IN AUSTRALIAN GOVERNMENTS WERE LATIONSHIP WITH UNSURPRENTERS SUCH AS MR. BOND AND MR. HULSDA COURT COMMA THE LEGAVERAMENT ASSESSED FRINANCIALLY PERIOD
258,CLESS EIGHT MEN THE OPPOSITION BUSINESS MAN SAYS ARE NO EFFO ISN'T THE SOLUTION BUT THEIR ISN'T ANY SOLUTION WITHOUT ARE UNWITH FOR
259,THAT IS WELL OF THE NATIONAL AVERAGE PER HALF PERIOD
260,BUT PE CHINI'S HYPHEN BACKED COMMERINGS IS THE STRONGEST FORCE IN THE THREE HYPHEN PARTY RESISTENCE COALITION COMMA AND BACKERS SAY IT IT MUST HEVER ROLL PERIOD
261,CIITERIT IN H. L. ARE I DIFFERENT SAPEMENTS OF THE OIL HYPHEN SERVICES BUSINESS PERIOD
262,THIS MARKET IS WAITING FOR ONLY WENT THINGS THE APPROVED ROSS A SENIOR VICE PRESIDENT AT TIME SINDICANON SECURITIES INCORPORATED
263,HE HAD BEEN SENIOR VICE PRESIDENT OF WASHINGTON OPERATIONS FOR THE DEFENTS CONTRAS
264,SET ADVITENCE CHAIRMAN BENTSEM AND SPEAK A RIGHT COMMA THE TEXANS COMMA PUSH REP.IL PERIOD
265,PEINWEBBER'S MISMIGRAID TO SET A SPECIAL PROMOTION BOOSTED YEAR EARLIER SALE SIGNIFICANTLY MAKID IT HARD TO ACHIEVE GAINS IN THE LATEST PERIOD
266,EXUNUS RELEASE ASSURED YESTERDAY SAID THAT THE LINE OF CREDIT WOULD BE GUARANTEED BY PAROVIAN SELLEVER PERIOD
267,HIP HAS SOME APPEAL BECAUSE IT WOULD RAISED THIRTY SEVEN POINT NINE DOLLARS OVER THREE YEARS PERIOD
268,THE FEDERAL EXPRESSED SERVICE COMMA WHICH ALLOUD BUSINESSES IN A DIVIDUALS TO SIN FACTS FROM THE COMPANY'S STORES COMMA ANALYST SAY PERIOD
269,DOUBLE-QUOTE THERE IS A MUCH PROGRESS IN SEVENTEEN DAYS PERIOD
270,THEY FELL COMMA OFTEN LITTERILY COMMA THE CRACKS IN THE SYSTEM PERIOD
271,CIT MAY BE THAT ARE STUCTURE AND LOTS A PLACITY OF CORPORATIONS ISN'T THE MUST DEFECTIVE FOR THE FEET
272,THEY ARE SOME GIES HERE THAT ARE SAYING THIS IS THE FINAL DEUT BEFORE THE CRASH
273,HIGHER INTEREST RATES COMMA OUT THE COURSE COMMA COULD BE A OFFSET BY HIGHER INFLATION PERIOD
274,GOLD P. POLICE A DON'T HAVE TO LIVE WITH THE CONSTIT FEAR THAT BICKET N. DEPUR UWAY BY THAT LAST DELLANS COMMA LEAVING ADDESTITUTE SPOUTS PERIOD
275,CLOSE  HAD THOUSAND HAD THE ALSO BEING DOOR TO LEADN'T SCH LEADINGS SCHANISD
276,THEY CAN BE LARIOUSLY THINK COMMA AS WELL AS HIGHLY EFFECT OF TWOLDS FOR SAATAGHER PERIOD
277,DOUBLE-QUOTE WHAT EIRITATE'S ME COMMA DOUBLE-QUOTE SAYS MR. RIED COMMA DOUBLE-QUOTE IS THAT WE DIDN'T NORTHERN MERGERS PERIOD
278,AND SOME CHAINS COMMA SUCH AS HOLIDA CORPORATION COMMA SHARED INCORPORATION AND HIGHT HOTELS CORPORATION COMMA INSISTE THEY WILL MAKE OF RIGHTS PERIOD
279,FIFTER THIS EIRTY HYPHEN DAY PERIOD COMMA THIS SHEERS WOULD BE CONVERTIBLE AT A LOWER RAISIO
280,THIS IS ESPECIALLY TO OUR IN THE WORK OF PREDITIONABLISTS AND EVEN PREVIOUSLY IN THE WORK UP WILLIAM BOYED
281,THEY'VE BEEN IN USE IN THE U. S. SINCE THE EARLY NINETEEN SEVENTEENTHS PERIOD
282,HE DROPP WAS DESSHORT OF THE DALEY PERMENT OF THIRTY CENTS A BUSICIAL PERIOD
283,THE GOLD CARD FEE WAS LAST INCREASED IN SEPTEMBER NINETEEN EIGHTY FOUR TO SIXTY FIVE DOLLARS FROM FIFTY DOLLARS FROM FIFTY DOLLARS
284,MOSCLE OR DISTRIEFY HAS BATFUL SCIENCEST EVER SIGNS G. L. B. DUKAI FIRST DISSORTERED IN ONE THOUSAND EIGHT HUNDRED IN ONE THOUSAND EIGHT HUNDRED IN ONE THOUSAND OUT
285,NO FIRM PLAN HAS BEEN DEVISED BUT IT IS UNDERCONSIDERATION TO REVIEW THE WHOLE STREACTER HE SAID
286,THE N. A. S. A. SCHEDULED TO LAUNCH OF THE SPACE SHUTTLE DISCOVERY FOR SEPTEMBER TWENTY NINTH PERIOD
287,HS THE POPULESS DAD HE APPEAL TO LESS EDUCATED LOWER MILLIO CLASS PEOPLE HE FIND ACCONOMIC AND SOCIAL CHANGE FRIGHTENING
288,GILLERY HAD BEEN PRESIDENT OF HARDMAN SYSTEMS A UNIT A FIGHTY INTERNATIONAL INCORPORATE PERIOD
289,CIOBLE AGREED TO REMENTY THE OVERSIGHT PERIOD
290,HE A CHIEF IN OF PRODUCTION DROLLS NEED UP FORTY PERCENT TO FIFTY PERCENT TO FIFTY PERCENT OF THE BULNIS SEVENTY TENT PERCENT PERIOD
291,THIS ALLOWED IT TO PLACE MORE OF ITS COLDRA AND THE PANIMAMIAN GUUREAUCRATION
292,FOR TWENTY MINUTES COMMA THE TWO GROUPS FACED OFF REMOPPITISATICISED TO THE STREET COMMA AS A HANDFUL OF TELEVISION CROWS IN FOREIGN JOURNALISTS WERE COURTED THE SEEN PERIOD
293,ELEY OTHERS COMMUNITING TAXES COMMA DO IT ON THE SLY PERIOD
294,IN A LOCAL PLANT COMMA THE MANUFACTURING MANUFACTURING MANAGER FORMENT DASH A SALARIT POSITION DASH BUT THERE WAS A FREEASON HIRING SELL PERIOD
295,CHE SHARE PRIUTE INCREASE IN IMPORT PRICES FROM THE PAST DEAR TO SEVEN POINT THREE PERCENT PERIOD
296,FICIALS IN TO GO THE SAID THE PLAIIN AGNORED REQUESTS TO LAND AFTER ENTERING HUNDRED AN AIR
297,BRITISH APPLIANCE MAKERS HAVE LOST GROUND TO COMMENTAL EUROPEANS ROH ESTABLISHED TO REPTATION FOR DESIGNED AND QUALITY STABLERS
298,CHE BUNDESS POSTS BEEN OPBILIT HAS BECOME A LIGHT NINE RID FOR CRITICISM BY THE U. S. AND OTHER TRADING PARTNERS OF GEORMANIES CLOWS DOARS PERIOD
299,BUT THE BULLS WON'T GIVE UP PERIOD
300,
301,BUT HAVING TOP TO HAVE AURREWI AIDE OF REPUBLICANS ABOUT THIS YOURSIAN WEEKS IN CONVENTS THAT MORE OR WORRIED ABOUT THIS PARE DOCCADE OF DETALN THAN PUBLIC COULD THIS PARADOX OF DETALN THAN PUBLIC CLEAS
302,THE AIRKS SPOKESMAN SAID THE COMPANY FORM THE VENTURE TO CREATE A FINANCIVICAL FOR FUTECTS
303,HE IS SEEKING BOARD REPRESENTATION COMMA AND MAY PLUCH FOR A JOINT TAKEOVER OF ANOTHER JU K. COMPANY PERIOD
304,NO FEDERAL RULES REQUIRE THIS TO GRADULLY RAISED THAT LEVEL DEPENDING ON PROFITABILITY OVER THE INDUSTRY
305,HE DIDN'T I DETIFIED THE BURTERS WERE DISCLOSED TERMS OF THE SALES
306,THEY ARE INDICATIONS THAT SALES ARE SLOWING DOWN BUT CONSUMER CREDIT SURGED UPWARD IN THE PERIOD
307,PEODER UF BEARY SUCCEEDS MR. CANIER IN WASHINGTON AS A VICE PRESIDENT
308,ELL SHORTLY AFTER THE ACQUISITION COMMA OIL PRICE A START ITS SLIDE PERIOD
309,GILLENE TO COURT SAID HE PLANS TO REVIEW THE STRUCTURE OF BOLT GROUP OUT PERIOD
310,CHAR STOCKS WERE CLOSER TO NORMAL AS OR JANUARYS THIRTY FIRST COMMA WITH WARDS AUTOMOTIVE REPORTS COMMA AND INDUSTRY STATISCAL PUBLICATION COMMA REPORTING A SEVENTY EIGHT HYPHEN DAY SUPPLY PERIOD
311,NOW PE C. BOUT IS TRYING TO MAKE A MEANS
312,ENGERED LIQUID OFFICIALS CONVEINED TO THEIR HIGH COURT TO JUDGE MR. AMBER OFF LAST SEMMER PERIOD
313,BUT DOUBLE-QUOTE HIGH STILL LIFE FRANCAI MA PERIOD
314,EVES THE ONLY GUY ACCOULD CHILL UP IN THE PLAUSE AND DRUG CROWD OF SEVENTY FIVE THOUSAND PEOPLE SAYS ONE LET DIPLOMATS AT THEM
315,BUT IF THE HISTORY OUT OTHER EFFORCANT NATIONS IS ANY GUIDE WHITES INDINANCE AND SMALL BLACK TRIBED SHUDE FEAR BY THAT PERIOD
316,PROBABLY THE LARGEST COUNTRIBUTERED TO THE EARNINGS OF TURN FOR MAJOR PRODUCERS IS A NEW PAYSTRECTURE HAVEMENT OUT AND A HEAVILY UNIONIZED PACIFIC NORTHWEST
317,STILL COMMA THE BUCK IS NOT INTENDED AS A CAUPITY HYPHEN TABLE DESPLAYPHICE PERIOD
318,HE SAYS I CONDECT COUNTED TO SAY THAT USIC IS OUGLANUAGE BUT THE REALIATES
319,HIS TO SAME TIME COMMA ADGRESSIVE EXPAND IN A BROAD HAS MADE THE MOST SWIFTS OF SWISS BANKS A GLOBAL QUAYER PERIOD
320,FE THE AMEMENT PASSES COMMA IT WILL BE INCORPORATED INTO THE HIGHWY LEGISLATION PERIOD
321,GREPOLLE ALSO HOLDN'S THE FASIAN COMPANY PERIOD
322,ELESTERDAY'S ANNOUNCEMENT BY REPRESENTATIVE HOWARD MEANS TO HOUSE WHO LOAT ON THE STIMIST AT MED SEPARTY FROM THE L. CONFERENCE REPORT PERIOD
323,STRONGER PALMOIL PRICES HELPED OIL PRICE ITS FIRM ANALYSTS SAID
324,WE HIGHING THE SEENS ARE BIDDER COMMA BUSIN TEAM BADTILE'S MORE AFFACUTIVES OF A JOB LIQUIRAY NOT AND SUCH STADE PROFESSIONS PERIOD
325,HILL HELD UNECONOMIST ITS NIF BARNEY HARIS UP AND COMPANY SINKS MR. GREATES BAND WANTS TO ESTABLISH HIS CORDENTIALS AS AN INFLATION FIGHTER PERIOD
326,HIS CREDITIONAL SUGGESTED THAT THE SOVIETS MIGHT HARBER MORE INTEREST IN TUPLOMACY THAN REAL ESTATE
327,HI HOUSE OF RAISER SPOKESMAN DIDN'T RETURN PHONE CAUSE YESTERDAY PERIOD
328,HER J. R. SPECIAL COMMITTEE IS HAPPY TO CYINA ALTERNATIVE UPOSSIBLE JOINT PERIOD
329,THE COMPANY SAID OUTFURED IN DAVID BILLS PLAN TO CONVERT THEIR COMMON SHARES DURING THE THIRTY HYPHEN DAY PERIOD
330,THE BIG SHOW IS GOING TO DROP WHEN WE SEE THE TRADE MEMBER
331,ELOST IMPORTANTLY COMMA LIKE HE EXIBCT COMMA PERCENTS IN AN GAUGING SURVEY OF INNERTLACED FORMS TO THE CENTURIES DASH ONE WE CONLARIN FROM AND JOY PERIOD
332,CORN FUTURES RECEIVED SOME STRINK ON EXPECTATION AT THE AGRICULTURED A PARTMENT WOULD RAISE SOVIET IMPORT FORECASTS ANALYSTS
333,DOESN'T US SUCCESSFUL BUSINESSMEN HAS SOUND HARD BREAK AND WASHINGTON COMMA A MEDIVE THEM HAS MADE MSTAKE SIMILAR TO DON REAGANS PERIOD
334,HE WOUNT TO STORM THE TANK AND TAKEOOD OUT
335,BUT BOTH COMPANY SHOULD BENEFIT FROM AN UPTURN IN THE OIL AND NATURAL GAS DISNESS PERIOD
336,THE CLUDINOW FIELDS AND NUMBER OF TEAMS FOR VARIOUS H. LEVELS PERIOD
337,VIOTOR LOANS AND LOWER TAXES ARE DRAWING FIFTEEN THOUSAND WORKERS A YEAR INTO LEGALIZE PRIVATE SERVICES PERIOD
338,AFTER THE A THIRTY HYPHEN DAY PERIOD COLOR THE SHARES WOULD BE CONVERTIBLE AT A LOWER RACIO PERIOD
339,COULD NEW CHAIRMAN KNOWS THAT IS POLITICAL CONTECTIONS MAKES OF MARKET PARTICIPANTS ASSISSIOUS THAT HE WILL TRIED US
340,SO IT PRESIDENTIAL CANDIDATES RANGING FROM CAMPET TO DUKAKIS COMBA THE SEACH A PLIDICAL OPENING TO THE STOCIF PERIOD
341,PERIOD DISCOVERED A JAPAN FOR AMERICAN'S ACTUALLY IS PILOIRAN HE QUITES
342,ELLING POWER WE'RE SAID IT AGREED TO SELL ITS COMMERSIAL PROFELL ONE EIGHTH TO SEVENTEN WHEN EIGHTHS TO SEVENTEN WHEN EIGHTHS TO SEVENTEEN WHEN EIGHTHS TO SEVENTEN WHAT ACE
343,HE GETTING TO SEAR COMMA SALES TAXES CAN'T BE DED DECTED PERIOD
344,WE WERE JUNE TELEMENT ABOUT IT PERIOD
345,DOUBLE-QUOTE IF WE KEEP THIS AP COMMA WILL DY WITH ARE FLAG PERIOD DOUBLE-QUOTE
346,THE WORKING PAPERS OPTIONS PERIOD
347,CHE CONSULTINESS NOTEST IN THE MISSOON IN THE MISSION IN THE PLANS THAT NEUT OF THE COMPANY NOR FEDERAL REGULATORS PERIOD
348,HE IT IT COLON DOUBLE-QUOTE THEY AUFFER THEIR COMBERSAND IT IS GOING TO BE REVIEWERED
349,IT MAY BE THARE STRUCTURE IN MULTIPLICITY OF CORPORATIONS ISN'T THEM OF STEFFECTED FOR THE FUTURE PERIOD
350,NORLEALLY TIME THERE ARE OF DOESN'T OR SO ASSET ALLOCATION FUNDS
351,DOUBLE-QUOTE IF THE SOVIETS TO SIDE TO CHANGE THE NATURE OF THE MISSION COMMA THEY NOW HAVE THE RIGHT-CARD HEAR COMMA DOUBLE-QUOTE SAYS THE ISRALIE OFFICIAL PERIOD
352,HE ARGUES THAT WRITE AS UNEMPLOYMENT FIGURES UNDERMINED THE THISES OF A SHARPLY SLOWING ECONOMY
353,NOW COMMENT WE MUST HAVIT NEWS SOME THING DASH OR DASH OTHER TO ENSURE THAT THE ELDERLY NOT BE WEIPPED OUT FINANCING PERIOD
354,IT'S A BOUT LY E SEVENTEEN DAYS IN A BIG THESE LIFE COMMA DOUBLE-QUOTE SAYS MR. DICKY COMMA OF FEDERAND EIGHT WAS TEACHER HEAR A JAPAN PERIOD
355,POPULITION FROM COMPETITORS ALSO CONTROBIOD IT TO THE INITIAL RESECTION OF THE MERGER COMMA AND THAT HAS AINNERED SENT OF FAY EXECUTIVES PERIOD
356,BECOS LIKE IN SERVENT OF PARTY CONTROLSS THE PARLIANUE THE WINNER OF THE TOP PARTY COAST ALSO BECOMES PRIME MINISTER
357,BUT THERE'S UNIT GOLLLY SIDE TO WHAT'S WEIGHT ON IN LOCAL GOVERNMENT THAT DISSERVES CLOSE ARTENTION
358,EVEN PORTION AND LEAD WE SEEN BOTHING BUT THE STUNSE
359,BUT IN APRILL NINETEEN EIGHTY SIX COMMA NATIONAL STEAL CORPORATION DEID JUST THAT PERIOD
360,BUT COMMA HE ARE GOES COMMA DOUBLE-QUOTE THE DEAPER THE COOPERATION BETWEEN THIS COMMA THE MORE CONTROL OBLE THE SOVIETS R. PERIOD DOUBLE-QUOTE
361,PEOPLE DOUGE REALIZED THE INORMOUS DEMOMBERS DEMONSINLE DEMAND FOR THIS PAID PERIOD
362,EVEN THE STATE HIGHERS PRIVATE REPAIRMAN PERIOD
363,EIGHTER TO STATE COMPETITIVE AT THE PRELIFIRATING NEVER OF SMALL NONUINIAN OPERATIONS OF THEIR REDION MOST COMPANIES HAVE SUNCIAL WADES CONCESSIONS FROM LEVER UNION IN PERIOD
364,NO FIRM PLAN HAS BEEN DID HIS HUNDRED CONSIDERATION TO REVIEW THE HOLL STRUCTURE HE SAID
365,TOUGH LENATION POINT DOUBLE-QUOTE
366,HAS SAIDS MINOUS LIABILITIES EXPRESSED AS THE PERCENTAGE OF TOTAL LIABILITIES
367,COSENTS IS WELLSO WARY OF FACT PROJECTS AFTER A HIGHLY TOTAID FEDERAL EXPRESSED FIGURED PROVIDE FACT SERVICE FLOWERED AND WAS GENESON IN NINETEEN EIGHTY SEVEN PERIOD
368,HE MANY OTHERS COMMA EVAITING TAXES COMMA DO IT ON THE SLI PERIOD
369,THEY CLAIM THIS EXCEEDED IN THIS ABJECTIVE COMMA THAT JUDGE SO FAIR SAYS THE RECORD SHOWS THE SOVIETS NEVER AGREED DO IT SEMI-COLON IF THEY DIDN'T COMMA WHICH WAY QUESTION-MARK
370,CHING TIME COMMA MR. MCCART THE IS REPLACING K. UNION OFFICIALS COMMA INCLUDIATES GENERAL COUSELL AND SEVENTEGOTIATORS PERIOD
371,THEY THINK STALLY TODAY IS AN HE HAD BETTER BREAKUP PLAYS THAN IN NINETEEN EIGHTY SIX WHEN DREXEL AND ITS CLIENTS A CUMULATED THE STOCK PERIOD
372,FIFTY SURGE INCLUDED COMMA IIMPORT PRICES ROSE SIX POINT FIVE PERCENT IN THE FIRST QUARTER
373,FIFTY YEARS OLD MR. WEING AS WELTED OF LE YONG FOR HIS JOBS AND THAT OF SEPTS COLLIGUS WHO ARE USED TO REGRADUAL PROMOTION SYSTEM BASED ON GONG PERIOD
374,BUT OUT ONE POINT FIVE BILLION DOLLARS OF DEBT IS UNDER REVIEW
375,INSTEAD COMMA THEY FABOR UNOUSED CHICKS BY ROVING COMMA RETHER THAN IN HYPHEN HOUSE COMMA IN SPECTORS FUCK CONTROL POINTS DOUBLE-QUOTE IN SEAFED PROCESSING PERIOD
376,FUSIALE IS HARM USITIONS
377,WHILE PLAYER'S DRIFTED BACK COMMA AND TENSIONS EASED PERIOD
378,THE ACT WAS IS A NATURAL FOR HIM AS EEIGHTIMPORT COMMA HE TOLD AFRINT PERIOD
379,FIRM INSEALTS MOGURE DEATS AND BURNNY WERE POLLSTRIED HOUSES CUTTING THEIR NINETEEN EIGHTY SEVEN I. B. M. EARNINGS ESTIMATE
380,WE FUTURES WERE SUPPORTED BY CONCERN THAT WEET MAY BE VOLUMERABLE IF COLPED SMAPS FALL OF THIS PASSED WE CAN'S WEREN'T ANALYSTS SAID
381,CHE DEADLINE FOR DOING SO IS FEBRUARY TWENTY FIRST TWO MONTS BEFORE GELLET'S APRIL TWENTY FIRST ANNUAL MEETING PERIOD
382,GILLENT ITS COLF OR MANDETORY TESTING HISON THAN ENDORSED BY THE WHITE HOUSE PERIOD
383,THEY'RE ALLOWIE SOME PESSIMIST AND SINICS SAID A LORE SPECIALIST
384,BY SEPTEMBER THIRTIETH COMMA HE HAD RAISED ONE POINT THREE MILLION DOLLARS DASH SPURNING FEDERAL MACHING FUNDS DASH AND EXPECTS TO RAISE TWO MILLION DOLLARS BY TUESDAY PERIOD
385,FOR MONTHS HE HAD SUFFERED NIGHT SWITES FEWERS AND WEIGHT LOSS
386,CLARKET ACTION WAS IS SENSULLY D BY JUSTION ONES DAYS RAILIED
387,IF IT ISN'T ONE THING ITS ANOTHER PERIOD
388,THE CONSELTENCE NOTIST AND EMISSION IN THE PLANS THAT NEITHER THE COMPANY NOR FEDERAL REGULATORS HAD SPOTTED
389,THE AUDIO IN AUTOMOBILL INDUSTRIES AREN'T TEALLY ONCE HAD HAVE LET EARLY ADVANTAGES IN TECHNOLOGY OR DESIGNS TO THE WAY PERIOD
390,FOR ONE THING CONSUMERS MAY NOT BE QUITE READY TO QUIT SPENDING
391,AN UMBITIOUS IN NINETEEN HYPHEN NATION EFFORT TO HELPED TWENTY YEARS OF WARRANT TEMBODIA ENDED WITHOUT IN AGREEMENT PERIOD
392,TODAY HE SAYS THE ATTITUDES I'VE GOUT MIDE JOB AND YOU'VE GOT MIDE JOBS
393,FILE THE A. B. M. TRADI COMMA THE U. S. NEGOTIATORS MONTO OUTLOG THIS SOLD DEFENSE AND LAUGHT BOTH SIDES INTO THE PASTER OF NUCHULAL ASSURED AT DESTRUCTION PERIOD
394,HID WOULD ETENSE THIS LIKE THE STOCKS OF RELL TO HAVE WEST MORE COMPANIES ALSO NOT WARLY FOLLOWED ON WALL STREET THAT ME TRUDITIONAL VALUE CRITERITOR
395,NUMEROUS COMMERATES WERE OUTPOINTED MOST TO THROUND GREDURATED FROM UNIVERSITY CINE COMMINIST BLOCK NATIONS
396,THE SPOKESMAN SAID HE DIDN'T PERSONALLY AND TORPORATE THE MOVE AS AGGRESSIVE COMMA NOTING THAT THE TWO GROUPS HAVE HAD ALONG PERIOD OF FRENCLY RELATIONS PERIOD
397,EVEN THE STATE HIGHERS PRIVATE REPAIRM PERIOD
398,HIS SIGNS OF A STRONG GREE ECONOMY E MERGE COMMA HE ADDS COMMA LONG HYPHEN TERM RATES ARE LIKELY TO DRIFT HIGHER PERIOD
399,DOUBLE-QUOTE THIS ASSURE IS A PORCE RATES COMMA DOUBLE-QUOTE SAID ONE PERSON FIVE MILLIOR WITH A COMMITTEE'S SPENKING PERIOD
400,THE PLAN WAS DISCOVERED AFTER DECOATING DATA CAPTURED DELAST WEEKS A REST OF TWENTY YEABLE LEADERS
401,BUT NOW THE MEDICAL PACAPOSES BOES MEASURES PERIOD
402,TRAID DEFICITS WEAK IN THE DOLAR AS THEY DID LAST WEEK AND IN ISSUART WEAKER DOLLAR MEANS MORE HELP FOR EXPORTS PERIOD
403,IN THE LONG RUN THE WE DOLLAR MEANING MORE INFLATION AND TIGHT MINEE AND EVENTUALLY A RECESSION
404,NOT EVERYONE BUYS THE DEST OF THE DOLLAR THESE
405,SOME SOURCES SAID TO SOME OF THE LESS HYPHEN TRADITIONAL HOLDERS OF GENERALL OF THE PROSPECT OF CAPITAL GAINS PERIOD
406,BUT HE TEN STIE SLAID A MISSING ARE DEFECT OF PROTEIN IN THE MESSILE TISSUE OF LESSIGNER DESTIRF PEOPTIONS HAVE LONG PROVED FRESTAINING PERIOD
407,BED THINGS COMMA BUT NO WORSE SOME MANY OTHER BAD THINGS AND LIFE COLON CARRECTS COMMA THE DEST OF LABOLINES PERIOD
408,ELMMOUS CASES THAT STILL WOULD BE LESS THEM THEY WOULD BE LESS THEM THEY WOULD PAY FOR ARRANGING COVERAGE ON THEIR OUR OUT
409,IN WEST GERMANY COMMA L. B. S. ACCUIRED DOYCH LENDER BANK IN NINETEEN EIGHTY THIE PERIOD
410,ESTRON UN RE SAY THAT THE EIRTH SPATE IS SEALED
411,CILITIE COMPROBABLY HANDLE TOO PRO GRAMS COMMA SAYS SHARP TO MORILA ADMINISTRATER CHARLESCOCK COMMA DOUBLE-QUOTE BUT THREE OF FOUR CAN BE PROBLEM ATIC PERIOD DOUBLE-QUOTE
412,LAST HYPHEN MIDIT MEDIATION ATTEMPTS FOUNDER OF ALREADY ISSUES OF POLAR HYPHEN SHARING AND P. SYFE AND MONETS WEREN'T PERIOD
413,STRONG IMPORT'S HOWEVER ME AND DOMESTIC DEMAND RIGHT NOW A STROUGH WYET TO CURBA TRADE DEFICIT IS TO HAVE A FULL MONER SESSION
414,EIELD MANAGEMENT ISN'T PALL BAD FOR THEM SURMERICA PERIOD
415,CHRISTON SCHWART'S HYPHEN SHILLING COMMA THE POSTLE MINISTER COMMA PRICES THAT SUCH CRITICISM LED TO THE DECISION TO DISMANTLE THE MINOPOLY PERIOD
416,HIS IMPLY ALL SIT WE'RE EXCOME COLLIES WERE CONTEMPTURIOUS OF FOREIGN CONCIPS THE SPECIALLY THOSE THAT MAKE AND MORE CONFLATION
417,THE TURNING POINT CAME IN NINETEEN SEVENTY EIGHT COMMA WHEN THE FLAMES WANT A CASH LECUSED ORGANIZATION CHAIRBY ANSHIP PERIOD
418,DOUBLE-QUOTE FOUR THE RECORD DOUBLE-QUOTE IS THE ACCOUNT OF A TOUGH COMMON SUCCESSFUL BUSINESS MAN'S TURABLE WASHINGTON EXPERIENCE PERIOD
419,THE SHOULD WOULD BE THE FIRST OF LIFF SINCE THE NINETEEN EIGHTY SIX CHAN TO EXPLOSION
420,THE PROPLIN CONTINUES TO BE MONTHI IN PHASON COMMON SAID COURT BY NIED COMMA THE PUBLISHER OF THE RETAIL MARKETING REPORT COMMA AND INDUSTRY NEILETTER PERIOD
421,SOME SOURCE AS SAID SOME OF THE LESS TRADITIONAL HOLDERS OF GENERALL DUA BELL JEACS SHARES COULD BE TEMMEDED BY THE PROSPECT OF CAPITAL GAINS PERIOD
422,CHE PEOPLE PARTY CODDE IN TO KEY POSITIONS IN AREAS OF PUBLIC ADMINISTRATION INCLUDING HEALTH EDUCATION LABOR FOREIGN RELATIONS AND AGRICIC
423,BUT THE FEDER RE SERVE IN MR. GREENSPAN ARE LIKELY TO BE WORKING HARD TO KEEP INFLATION DOWN
424,THEY FILL COMMA OFTEN LITERALLY COMMA THE CRACKS IN THE SYSTEM PERIOD
425,THE MARKETS TEND THE MAGNIFI THE NEWS
426,HE VALUE IS THE PAPELINE ASSETS AT THREE BILLION DOLLARS SEMI-COLON THE SHIPBILLION OPERATIONS A TWO BILLING OPERATIONS A TWO BILLION DOLLARS SEMI-COLON AND THE UTAMOTIVE UNIT AT MORE THAN ONE BILLION DOLLARS PERIOD
427,IN SOME INSTANCES COMMA MANAGEMENT IS LERNIN OF THESE MEDING STREW WELL HYPHEN PLACED IN MOLES PERIOD
428,THEY ESTON ALL OF THE WE KNOW COMMA AND IT VICE OF OUR COSSIL COMMA RENOLED NO REASINGS OF BLIEVE THAT BOB FREEMAN AND GAUSED IN ANY ILLEGALODITE PERIOD DOUBLE-QUOTE
429,PRIVATE SOVERRE EXPORTERS ALSO HAVE BEEN OFFERED INCENTARED TO SELL THEIR SOVERT TO THE BANK PERIOD
430,HIS MS. CANDOLLON MR. LOW SIITE SOUTH AFRICA CENTRAL GOVERNMENT IS LIKE A BIG LUMBURING TANKED
431,ONE IS THAT WE WILL HAVE THE SURPOUSE BUT SHUTTAINT
432,WE WE SEE A RESPONSE THE RIGHT-RECTION BUT ITS CLAILEY TEMPERATED BY NOT CHILL CONSERVATES AND RIGHT NORMA
433,NOUT THAT TAX MACHINE TOO NEW PERIOD
434,WITH THIRTY MILLION TELEPHONES COMMA WEST GERMANY RANCS BEHIND ONLY IN THE U. S. AND JAPANESE FALLEN MARKETS PERIOD
435,IN NINETEEN EIGHTY COMMA THE FLIAIN'S RESUME COME GAMES PERIOD
436,THE STATE GOVERNMENT ACNOTOGE THAT TAXPAYERS COULD LOSE AS MUCH AS ONE HUNDRED MILLION OUTSTRILLION DOLLARS OVER ROUGHTWELLS PERIOD
437,THEY'RE AVERAGE ESTIMATE SHOWS THE ECONOMY EXPANDING AT A THREE POINT ONE PERCENT ANNUAL RATE IN THE JULY HYPHEN TO HYPHEN SEPTEMBER PERIOD COMMA AUTHTRAGESTING FOR INFLATION PERIOD
438,SOUY BEING FUTURES PRICES WERE MIXED WE'D BEINGS AND OIL FINITION CHIRE PERIOD
439,THE RATION TO FIVE UP THE MARKET SEVEN QUARTERLY DOWN TURNS IN THE NINETEEN SEVENTY TO EIGHTY SEVEN PERIOD PERIOD
440,BUT IF IT FAILS COMMA THE SENATE COMMA WHICH APPROVE THE AMEMENT BY A TOO TO OUT MARGE EARLIER THIS YEAR COMBA WILL DOP THE SPEED HYPHEN LIMIT PROVISION PERIOD
441,HIGHER INDEREST RATES OF COURSE COULD BE OFFSET BY HEIR INSLATION
442,THE STATE CHAMBER OF COMMERCE COMMA WHICH WANTS BACK TO SIXTY EIGHT COMMA SWITCHED OVER TO SEVENTY THREE ABOUT TWO MUCH AGO PERIOD
443,IT WILL LAST RAISED IN JUNE NINETEEN EIGHTY FIVE TO FROM THIRTY FIVE DOLLARS FROM THIRTY FIVE DOLLARS
444,THE COMBINED BUSINESSES ACCOUNTED FOR TWO HUNDRED THIRTY FIVE MILLION DOLLARS OF DRABOS EIGHT HUNDRED NINETY THREE MILLION DOLLARS IN NINETEEN EIGHTY FIVE REPANIES
445,HIS HALL PERVICES WELLS WON'T STAYERED ROLLED WOMNIC DURIMIT BELLED TO OFF SHORT DRULLING RAIDS
446,THAT'S MORE LESS WHAT THE BLUE CHIP ECONOMIST EXPECT
447,NOW THEY ARE TO LIETED TO HAVE CONTRA SUPPORTER'S DRAACH THROUGH THE MORATHS OF THE LEGAL SYSTEM PERIOD
448,
449,DOUBLE-QUOTE WE'RE NOT KIND FOR MANDATORY TESTING AN ANY SHAPE OR FORM PERIOD DOUBLE-QUOTE
450,CHEMBOUT HE IS YET DOWN HYPHEN BACK GOVERNMENT REFUSE WAS TO SHARE POWER WITH THE COMMAROUNDS COMMA THE COUNTRIES' FORMER ALCHA HYPHEN LEFTIS RULERS PERIOD
451,CLEARTON RECENTLY DEPARTED FROM THE FAD TOLP MR. SIMON DURING ARIED TO WASH IN NATIONAL AIRPORT BUT HE MIGHT START A PRIVATE MORTGAGE INSURANCE CONCERN
452,AND THEY MAY BE ABLE TO GET A WAY WITH A LOT MORE OF THOSE PUBLICITY IN THE NEW VERS WITHOUT DIVING UP MUCH REAL GROUP
453,THE AVERAGE DIVIDEND YIALD OF ITS RECOMMENTED STOCKS US THREE POINT SEVEN PERCENT THE SECOND HIGHEST IN A GROUP AFTERSONIF BARTIES FOUR POINT ONE PERCENT
454,SIPPORVIOSERS TOLD HIM THAT IF HE DIDN'T SHAVE COMMA HE WOULD BE TRANSFER TOO POSITION COMMA THAT IDENT AND VOLVE PUBLIC CONTACT PERIOD
455,BUT IT IS YEAR COMMA PARTY BATTLES ARE LESS CONTENTIOUS AND DOCTOR PALL COMMA WHO WAS ON THE BELLI AND FORTY SIX STATES COMMA HOPESFURATELY'S ONE MILLION VOTES PERIOD
456,HEN BE SIDES COMMA NAM WAS A LONGTIME AGO PERIOD
457,FEW JANUARY THE ARBIT SPEAKING MIDDIEST EXPERT MR. MART PERIO'S OFF A RIVES TO TAKE CHARGE OF THE DELIGITATION
458,BUT IT TEPPED TO IISION OR DEFECTOR PROTEIN IN THE MOSSLL TUSSUE OF MUSCOWER DISTRIFY PATIENTS HAVE WORMED PERIOD
459,FE AONUAL INDUSTRIES AREN'T THE ONLY WANTS THAT IF LET EARLY TO SANDARGES AND TECHNOLOGY WERE DESIGNED SLIBE AWAY
460,WHILE I KNOWLEDGE IN THAT POTENTIAL COMMA SOUTHWEST GERMAN TO A MAKERS CHAPE UNDER WESTERN RESTRICTIONS PERIOD
461,THE COMPANY ALSO DONATED FIFTY THOUSAND DOLLARS TO A LOCAL ENVIRONMENTAL GROUP TO HIGHER SPECIALISTS TO EVALUATE THE COMPANY'S PLANS DICLINE UP A CONTAMINATED SITES
462,F. B. M. FELL WON AND SEVEN EIGHTHS TO ONE HUNDRED TWENTY AND THREE EIGHTHS ON MORE THAN TWO POINT FIVE MILLION SHARES
463,SO MR. WAINT TELLS PEOPLE HE IS THIS PERIOD
464,IT ALSO STATES THAT SEVENTY NINE PERCENT OF THESE PEOPLE SAY THEY FIFTY'S THIRTY HYPHEN PLAST TIMES PERIOR
465,NOW HE SEE BOTH IS TRYING TO MAKE A MAMS PERIOD
466,SO MR. WARYIN TELLS PEOPLE USE FIFTY PERIOD
467,THE MASD AT COMPOSITE INDEX OF FOUR THOUSAND COMMA SIX HUNDRED THIRTY EIGHT STOCKS CLOSED OF THREE HUNDRED SEVENTY FOUR POINT SIX FIVE COMMA DOWN SIX PERIOD
468,HIG RECENT WEEK'S PLAREX AMPLE WEADERS HERE HAVE HEARD OF THE BANNING OF ANTI IROSSHOPS IN ONE LONDON BROAL
469,THE RESOLD WOUS PARTS PERIOD
470,FOR MANY JAPANESE COMPANIES IT WAS THE FIRST TIME IN AMERICAN INVESTOR SAYS MR. AIRNESS
471,FIGURE LOANS AT LOWER TAXES ARE JRYING FIFTEEN THOUSAND WORKERS A YEAR INTO LEGALIZE TO PRIVATE SERVICES PERIOD
472,IN RECENT YEARS HE IS INVESTED IN G. A. F. CORPORATION AND THE WEZZY ANALY AND AN EXPORTION COMPANY AMONG OTHERS WITHOUT BIDDING TO ACQUIRES HAVE
473,BUT BOES COMPANIES SHOULD BET A FIT FROM AN UPTERN IN THE OIL AND NATURAL GAS BOSINESS PERIOD
474,HE IT KNOW LEGES DISCUSSING THE POTENTIAL EXPEADING UP LOSSES BUT DENIES MAKING ANY THREAT
475,HE AT OTHER U. S. INDUSTRY LEADERS AND SIST TO TO THAT IMPORT SHOULD BE SUBJECT TO THE SAME DEGREES
476,EN A LOCAL PLANT THE MANUU FACTURING MANAGER NEEDED ANOTHER FLORMAN A SALARITE POSITION BUT THERE WAS A FREEZE ON HIGHER RINK SALARIED PERCONOLE
477,POBLISIS MEETINGS HAD A REVIVALIST FLAVOR WITH BATTERS ARGING PEOPLE TO VOTE AS THEY PRAIDE
478,SEPT GOBS ARE SEEING AS THE PLUM OF THE INDUSTRY BECAUSE OF MERKS EXTENSIVE LINE OF PRODUCTS
479,FOR SUDGE GREW PREATE COVERAGE EMPLOYERS CAN CHARGE THE FORMER WORTGRES AND THEIR FAMILIES THE ABRUDGE COST OF PROVIDING THE HEALTH BENEFITS PUS A TWO PERCENT ADMINISTRATIVE FEE PUS A TWO PERCENT ADMINISTRATIVE FEE PUS A TWO PERCENT ADMINISTRATIVE FEE PUS A TWO PERCENT ADMINISTRATIVE FEE PUS A TWO PERCENT ADMINISTRATIVE FEE
480,THEY BEEN IN THE U. S. SINCE THE EARLY NINETEEN SEVENTIES PERIOD
481,THE NEW CHAIRMAN KNOWS THIS POLITICAL CONTACTIONS MAKES SOME MARKET PRETISH PERIOD
482,WILL SEPARTY TOUGET COMMA DELIBERTAINED PRESIDENTIAL THOUGH PLUNGE TO TWO HUNDRED TWENTY EIGHT SOUSAND IN NINETEEN EIGHTY FOUR COMMA ABOUT ONE HYPHEN FORCE ITS NINETEEN EIGHTY TOTAL PERIOD
483,C. BE AGREED TO REMEDIT THE OVERSIGHT
484,CHRISTON SCHOORS HYPHEN SHOWING COMMA THE POLLSTIN MINISTER COMMA PRESSOLES THAT SUGGEST GRISSES ON LIGHTS OF DISCRIANCE OF THEM ANOPILA PERIOD
485,THEY DE IS TWAYING FOR THE AITCRATION
486,AFTER THE CLOSE OF TRADING THE FORECASTS WERE INCREASED PERIOD
487,ALL SIXTEEN ANALYSTS IN THE SERVEY PREDICT IS TRONGERS THIRD QUARTER THAN THE SLUGGISH SECOND QUARTER PERIOD
488,PAIM HIS CLEARLY BANKING ON GETTING MOST CONCESSIONS THIS YEAR AND EXECUTIVE AT ANOTHER AIRLINE SAYS
489,HIN AFTER TIE OF IS ITS FROM IMMINIGRATION OFFICIALS COMMA FINDS OF TWO HUNDRED FIFTY DOLLARS TO TWO THOUSAND DOLLARS FOR A LEGAL IMMIGRANT WILL BE LEVIED PERIOD
490,HE SPUCKSPON FOR THE NUCLEAR REGULAR REGULARLORY COMMISSIONS SAID THREE M. DECIDED TO RECALL ADDITIONAL MODELS OF ITS AIR INNIZERS AFTER RADIATION LEAKS WERE DISCOVERED AT FOUR FACILITIES USING THOSE MODELS PERIOD
491,CHIRA MOOT AN  HALL AREN'T DIFFERENT SEGGMENTS OF THE OIL HYPHEN SERVICES BUSINESS PERIOD
492,THE COMPANY ALSO DONATED FIFTY THOUSAND DOLLARS TO A LOCAL AND VARTER METAL GROUP TO HIGHER SPECIALISTS TO EVALURATES THE COMPANY'S PLANS TO CLEAD UP CONTEMIETED SITES PLANS TO CLEAD UP CONTEMINATED SCITES
493,E. U. S. X. PORT TO ROES IN THE MEUNT BUT NOT NEARLY AS MUCH AS IMPORTS PERIOD
494,HID SCHEM A DIVISION MANAGER FOR A RETAILER IT TO DOLLAGE DOLLAR GROUAL PERIOD
495,WHE STROUGHEN OR SAY THAT THE EARTH SPACE IS SEALED
496,CHE NASDAQ COMPOSITE INDEX OF FOUR THOUSAND SIX HUNDRED THIRTY EIGHT STOCKS PLOYSED AT THREE HUNDRED SEVENTY FOUR POINT SIX FIVE DOWN ZERO OPIL POINT SIX FIVE DOWN ZERO APPOINT ONE SIX
497,BUT IT WESN'T IMMEDIATELY CLEARAFF TO BULL WOULD HAND TAKEOVER SPECULATION ABOUT THEATENED HOUSE PERIOD
498,NEITHER DID BELL GRIP OFFICIALS AT LINDON PERIOD
499,
500,EARLY LAST RECOMMA MR. TRUNDED OFFER CONCERSIONS PERIOD
501,THIS THROUSE AS I RACKS LINE TO THE U. S. A SUSPECIALLY SENSITIVE ABOUT THE AMERICAN DECEPTION OVER EVER OUND
502,TELEVISION SET MAKERS REGERALLY SCHEDULED T. V. PROGRAMING BEGIM HERE HAVE LOSSED AUT TO THE JAPMANES AND YOUR APPEANS AND THE YEAR AIDS
503,FOR HIS TOP AID COMMA HE PICKED CONTRACT AND ORGANIZING CHIEF WELLTER SHEEP COMMA WHO ENDED HIS OWN BID TO PRESIDENT BY BACKING MR. MCCARTHY PERIOD
504,GREPOON COULD USE THE LONG RO HOLDING TO EXERT IN POONCE ON ITS BUSINESS PERIOD
505,CLEAST PERIOD'S COULDN'T ME EIGHTLY BE REACHED FOR COMMENT
506,CHAIRMARCH PRETAX PROFIT FROM THE SALE WAS ONE HUNDRED TWENTY FIVE MILLION DOLLARS OF SPOKESWOMAN SAID PERIOD
507,CHE COMPANY SAID THE GROUPS DOMESTIC INTERNATIONAL OPERATIONS WOULD BE SOLD SEPARATELY PERIOD
508,HE WAS STRIPPT OF HIS PARTY TITLES AND STOCKED OUT COMMA RIPPING UP BY CARD TO FOUR THE WAITING TELEVISION CAMBERS PERIOD
509,DOUBLE-QUOTE DO UNDER ESTIMATE US COMMA DOUBLE-QUOTE SAYS N. J. SEE COMMA THE CHAIRMAN OF THE DEBERTER CRADIC JUSTICE PARTIES POLICY CIMITTEE PERIOD
510,STORIES OF THE LEFT WING ANTICS OF BRITAIN'S LOCAL DEGOVERNMENT HAVE APPEARED IN THE BRITISH CRASS FOR SEVERAL YEARS
511,THE SENSE OF IN PENDING DONE HAS STIMATE TEAM WORK THAT SHIMMENT TEAM WORK THAT SHOULD PERIOD
512,IN A SEPARATE AND SAID IT A U. S. DESTROYER FIRE TO MCHING DON'T WANTING SHOTS AT TOO SMALL AND I DETIFIED BOATS THAT A PRUDCH THE CONDWAY
513,BUT SOU ME OF LOOKING FOR INSURANCE OUTSIDE THE IMPLAIRS CONTINUED GREW PREPLAN
514,WHILE PURO CRAT SEAR IN THE DRIVER'S SEAT AND BLACKS RIGHTLY FEAR WHAT THE TANKS WEAPONS CAN DO TO THOME PERIOD
515,THE AVERAGE MARKET DECLINED FOR THE SEBSECOND QUARTER IN NOTES CASES WERE ABOUT SEVEN PERCENT PERIOD
516,CHE CONTRACTS PROVIDED THAT THE ENERGY DEPARTMENT WOULD TEVER COSTS COMMA PLESSENT ANNUAL FEET COMPOSED OF THE GUARAM TEED BASE PAYMENT AND PROFORMERS BONUS PERIOD
517,SINCE EACH CHINE IS THE POOPRINT FOR A PROTEIN THE DEFACTORS KNOWN TO INVOLVE APPROATING THAT AFFECTS
518,COULDN'T A HIGH I SLASH LOW RESEARCH COMMA THIRTY FIVE MILLION PEOPLE PURCHASED A FITING LICENTS IN NINETEEN EIGHTY FOUR PERIOD
519,FECTURIOD COMMA SISTED GROWN TO FIRTY EIGHT I LOT COMMA DOUBLE-QUOTE HE SAYS PERIOD
520,CHE BRITISH PUBLIC HAS GOTT USED TO INJOINT SUCH LONG LEFT TO STORIES AS PART OF ITS REGULAR NEWS PAPER DIET
521,DOUBLE-QUOTE I TOLDOM ITS THE END OF IDEOLOGY COMMA DOUBLE-QUOTE SAYS MR. MERIFF COMMA A PARTY VETERAN PERIOD
522,DOUBLE-QUOTE THERE ISN'T BUCH PROGRESS AND SEVENTEEN DAYS PERIOD
